{"loss": 24.758020401000977, "_runtime": 13, "_timestamp": 1639556055, "_step": 3, "cls_loss": 21.77410125732422, "loc_loss": 1.398146629333496, "diou_loss_": 1.5857722759246826, "_wandb": {"runtime": 17}}