{"loss": 4.155930995941162, "_runtime": 23988, "_timestamp": 1639639868, "_step": 83787, "cls_loss": 3.629318952560425, "loc_loss": 0.5266119241714478, "MR_all": 9.012719147699451, "MR_day": 9.913652800896749, "MR_night": 6.806900278219845, "recall_all": 98.28178694158075, "_wandb": {"runtime": 23990}}