{"loss": 29.556564331054688, "_runtime": 25, "_timestamp": 1639615805, "_step": 5, "cls_loss": 28.1082706451416, "loc_loss": 1.4482930898666382, "_wandb": {"runtime": 28}}