{"loss": 5.0791497230529785, "_runtime": 24484, "_timestamp": 1639681712, "_step": 83824, "cls_loss": 4.508129119873047, "loc_loss": 0.5710206627845764, "MR_all": 9.90072032490036, "MR_day": 10.57494945054066, "MR_night": 8.612069109504263, "recall_all": 97.31958762886597, "epoch": 39, "_wandb": {"runtime": 24485}}