{"loss": 3.820767402648926, "_runtime": 33589, "_timestamp": 1639590137, "_step": 254943, "cls_loss": 2.3590011596679688, "loc_loss": 0.4273388087749481, "diou_loss_": 1.0344274044036865}