{"loss": 4.91781759262085, "_runtime": 4084, "_timestamp": 1639573245, "_step": 25091, "cls_loss": 4.336559772491455, "loc_loss": 0.581257700920105, "_wandb": {"runtime": 4146}}