{"loss": 24.897092819213867, "_runtime": 25, "_timestamp": 1639615852, "_step": 8, "cls_loss": 23.424909591674805, "loc_loss": 1.472183108329773, "_wandb": {"runtime": 29}}