{"loss": 4.961655616760254, "_runtime": 4073, "_timestamp": 1639568791, "_step": 25091, "cls_loss": 4.3773112297058105, "loc_loss": 0.5843442678451538, "_wandb": {"runtime": 4135}}