{"loss": 28.50109100341797, "_runtime": 13, "_timestamp": 1639564694, "_step": 2, "cls_loss": 27.056947708129883, "loc_loss": 1.4441437721252441, "_wandb": {"runtime": 15}}