{"loss": 5.220682144165039, "_runtime": 16797, "_timestamp": 1639590136, "_step": 53305, "cls_loss": 4.573238849639893, "loc_loss": 0.6474435329437256, "MR_all": 9.536761934806385, "MR_day": 10.774703956116767, "MR_night": 7.361197392298058, "recall_all": 97.9381443298969}