{"loss": 6.347409725189209, "_runtime": 271, "_timestamp": 1639556434, "_step": 2087, "cls_loss": 4.445551872253418, "loc_loss": 0.636504590511322, "diou_loss_": 1.2653532028198242, "_wandb": {"runtime": 272}}