{"loss": 7.048279285430908, "_runtime": 11, "_timestamp": 1639556515, "_step": 3, "cls_loss": 5.400451183319092, "loc_loss": 0.526382565498352, "diou_loss_": 1.121445655822754, "_wandb": {"runtime": 16}}