{"loss": 4.262895584106445, "_runtime": 24752, "_timestamp": 1639845231, "_step": 83824, "cls_loss": 3.705190420150757, "loc_loss": 0.5577053427696228, "MR_all": 9.891003812621637, "MR_day": 11.38112811176349, "MR_night": 7.0679258532529845, "recall_all": 97.59450171821305, "epoch": 39, "_wandb": {"runtime": 24753}}