{"loss": 4.125779628753662, "_runtime": 24517, "_timestamp": 1639651926, "_step": 83824, "cls_loss": 3.5739810466766357, "loc_loss": 0.5517987608909607, "MR_all": 9.94247558960959, "MR_day": 11.568679275656786, "MR_night": 7.288752059300724, "recall_all": 97.2508591065292, "epoch": 39, "_wandb": {"runtime": 24519}}