{"loss": 4.250707626342773, "_runtime": 24717, "_timestamp": 1639850711, "_step": 83824, "cls_loss": 3.6938273906707764, "loc_loss": 0.5568801164627075, "MR_all": 9.688067264483681, "MR_day": 10.954707976064595, "MR_night": 7.005877994602266, "recall_all": 97.9381443298969, "epoch": 39, "_wandb": {"runtime": 24718}}